Questions,Answers
–ê –º–æ–∂–Ω–æ –∫–∞–∫ —Ç–æ –ø–æ–ª—É—á–∏—Ç—å —Ç–µ—Å—Ç–æ–≤—ã–π –¥–æ—Å—Ç—É–ø –≤ –ú–æ–π –Ω–∞–ª–æ–≥?,@mishamx –ú–∏—Ö–∞–∏–ª - –æ—Ä–≥–∞–Ω–∏–∑–∞—Ç–æ—Ä. –ü–æ–º–æ–∂–µ—Ç —Å –æ—Ç–≤–µ—Ç–æ–º (–≤ —Ä–∞–±–æ—á–µ–µ –≤—Ä–µ–º—è)
–ê —á—Ç–æ —Ç–∞–º –∑–∞ —Ç–µ—Å—Ç –Ω–∞–¥–æ –ø—Ä–æ–π—Ç–∏ –ø—Ä–∏ —Ä–µ–≥–∏—Å—Ç—Ä–∞—Ü–∏–∏? –ù–∞ –∫–∞–∫—É—é –æ–Ω —Ç–µ–º—É?,–¢–∞–º –Ω–µ—Ç —Ç–µ—Å—Ç–∞ –æ—Ç–±–æ—Ä–æ—á–Ω–æ–µ –∑–∞–¥–∞–Ω–∏–µ - –æ–ø–∏—Å–∞—Ç—å –∏–¥–µ—é –ø—Ä–æ–µ–∫—Ç–∞ –∫–æ—Ç–æ—Ä—ã–π –≤—ã –ø–ª–∞–Ω–∏—Ä—É–µ—Ç–µ —Ä–µ–∞–ª–∏–∑–æ–≤–∞—Ç—å
–º–æ–∂–µ—Ç –±—ã—Ç—å —Ç–∞–∫–æ–µ —á—Ç–æ –º—ã –ø–æ–¥–∞–µ–º—Å—è –∫–æ–º–∞–Ω–¥–æ–π –∏ –∫—Ç–æ-—Ç–æ –ø—Ä–æ–π–¥–µ—Ç –∞ –∫—Ç–æ-—Ç–æ –Ω–µ—Ç? @aleksandr_malyshev,–ú—ã –æ—Ç–±–∏—Ä–∞–µ–º –∫–æ–º–∞–Ω–¥—É –ø–æ-—ç—Ç–æ–º—É –≤—Å–µ —á–ª–µ–Ω—ã –∫–æ–º–∞–Ω–¥—ã –ø–æ–ª—É—á–∞—Ç –ø—Ä–∏–≥–ª–∞—à–µ–Ω–∏–µ
–í–æ–ø—Ä–æ—Å –ø–æ —Ö–∞–∫–∞—Ç–æ–Ω—É - –∫–∞–∫–æ–≤ –º–∏–Ω–∏–º–∞–ª—å–Ω—ã–π –≤–æ–∑—Ä–∞—Å—Ç —É—á–∞—Å—Ç–Ω–∏–∫–∞?,–û–≥—Ä–∞–Ω–∏—á–µ–Ω–∏–π –Ω–µ—Ç ü•≥
–ö—Å—Ç–∞—Ç–∏ –∞ –º–æ–∂–Ω–æ –Ω–µ—Å–∫–æ–ª—å–∫–æ –∏–¥–µ–π –æ—Ç–æ—Å–ª–∞—Ç—å?,–î–∞ –º–æ–∂–Ω–æ
–ê–¥–º–∏–Ω—ã –ø–æ–¥—Å–∫–∞–∂–∏—Ç–µ –ø–æ–∂–∞–ª—É–π—Å—Ç–∞ –≤ —á–∞—Ç–µ –µ—Å—Ç—å –ø—Ä–µ–¥—Å—Ç–∞–≤–∏—Ç–µ–ª–∏ –§–ù–° –∏ Wallet One?,–î–∞ –µ—Å—Ç—å. –ö–∞–∫–æ–π —É –≤–∞—Å –≤–æ–ø—Ä–æ—Å?
–ê –∫–∞–∫ –ø–æ–ª—É—á–∏—Ç—å –¥–æ—Å—Ç—É–ø –∫ API / –æ–ø–∏—Å–∞–Ω–∏–µ –∏–ª–∏ –æ–Ω–∏ –±—É–¥—É—Ç —Ç–æ–ª—å–∫–æ –≤ –¥–Ω–∏ —Ö–∞–∫–∞—Ç–æ–Ω–∞? –ò–Ω—Ç–µ—Ä–µ—Å—É–µ—Ç p2p  –∏ –∑–∞—â–∏—â–µ–Ω–Ω–∞—è —Å–¥–µ–ª–∫–∞,–ë—É–¥–µ–º –≤—ã–¥–∞–≤–∞—Ç—å –∫–ª—é—á–∏ –¥–æ—Å—Ç—É–ø–∞ –∏–Ω–¥–∏–≤–∏–¥—É–∞–ª—å–Ω–æ –ø–æ –∑–∞–ø—Ä–æ—Å—É –±–ª–∏–∂–µ –∫ —Ö–∞–∫–∞—Ç–æ–Ω—É —Ç–æ —á—Ç–æ –µ—Å—Ç—å –Ω–∞ –¥–∞–Ω–Ω—ã–π –º–æ–º–µ–Ω—Ç –ø–æ –æ–ø–∏—Å–∞–Ω–∏—é –ê–ü–ò —Å–∫–∏–Ω—É–ª–∏ –≤—ã—à–µ
–ê –±—É–¥—É—Ç –ª–∏ –∫–∞–∫–∏–µ-–Ω–∏–±—É–¥—å –∏–Ω—Ç–µ—Ä–µ—Å–Ω—ã–µ –∞–ø–∏—à–∫–∏ –ø—Ä–µ–¥–æ—Å—Ç–∞–≤–ª–µ–Ω—ã —É—á–∞—Å—Ç–Ω–∏–∫–∞–º —Ö–∞–∫–∞—Ç–æ–Ω–∞?,–¢–∞–∫ —Ç–æ—á–Ω–æ–£–∂–µ –æ—Ñ–æ—Ä–º–∏–ª–∏ –≤ —Ç–∞–∫–æ–º –≤–∏–¥–µ: ‚Ä¢ –î–ª—è —Å–∞–º–æ–∑–∞–Ω—è—Ç—ã—Ö ‚Ä¢ API —Å–∏—Å—Ç–µ–º—ã –ø–ª–∞—Ç—Ñ–æ—Ä–º—ã –ø–ª–∞—Ç–µ–∂–µ–π X-Plat ‚Ä¢ API P2P–ë–ª–∏–∂–µ –∫ —Ö–∞–∫—É –ø–æ—Å—Ç–∞—Ä–∞–µ–º—Å—è —É–ø–∞–∫–æ–≤–∞—Ç—å –≤ –ø–æ—Å—Ç–º–∞–Ω —á—Ç–æ–±—ã –±—ã–ª–æ —É–¥–æ–±–Ω–µ–µ
–¢–µ—Å—Ç–æ–≤—ã–µ –¥–∞–Ω–Ω—ã–µ –¥–ª—è –≤—Ö–æ–¥–∞ –º–æ–∂–Ω–æ –ø–æ–ª—É—á–∏—Ç—å?,–í—ã–¥–∞–¥–∏–º –±–ª–∏–∂–µ –∫ —Ö–∞–∫–∞—Ç–æ–Ω—É
–°–ø–∞—Å–∏–±–æ. –ï—Å—Ç—å –ª–∏ –≤–æ–∑–º–æ–∂–Ω–æ—Å—Ç—å —á–µ—Ä–µ–∑ –∞–ø–∏ –¥–µ–ª–∞—Ç—å –ø–µ—Ä–µ–≤–æ–¥—ã –¥–µ–Ω–µ–≥ –≤–Ω—É—Ç—Ä–∏ Wallet One –∏ –≤—ã–≤–æ–¥ –¥–µ–Ω–µ–≥? –ò–Ω—Ç–µ—Ä–µ—Å—É–µ—Ç –æ—Ç–≤–µ—Ç –Ω–∞ –≤–æ–ø—Ä–æ—Å –≤ –¥–≤—É—Ö ,–î–ª—è —Ö–∞–∫–∞—Ç–æ–Ω–∞ –º—ã –ø—Ä–µ–¥–æ—Å—Ç–∞–≤–ª—è–µ–º —Å–ª–µ–¥—É—é—â–∏–µ –∞–ø–∏: –≤—ã–ø–ª–∞—Ç—ã —á–µ—Ä–µ–∑ –∞–≥–µ–Ω—Ç—Å–∫–∏–π –ø—Ä–æ—Ç–æ–∫–æ–ª xs2 –∏ —Ñ—É–Ω–∫—Ü–∏–æ–Ω–∞–ª —Ä2—Ä –ø–µ—Ä–µ–≤–æ–¥–æ–≤ (—Å–¥–µ–ª–∫–∞) —á–µ—Ä–µ–∑ —Å–æ–æ—Ç–≤–µ—Ç—Å—Ç–≤–µ–Ω–Ω–æ –∞–ø–∏ —Ä2—Ä.
–†–µ–±—è—Ç–∞ –∞ –∫–∞–∫ –¥–æ–±–∞–≤–∏—Ç—å –ª—é–¥–µ–π –≤ –∫–æ–º–∞–Ω–¥—É –ø–æ—Å–ª–µ —Ä–µ–≥–∏—Å—Ç—Ä–∞—Ü–∏–∏?,–∏–º –Ω—É–∂–Ω–æ –≤–ø–∏—Å–∞—Ç—å —Ç–æ –∂–µ –∏–º—è –∫–æ–º–∞–Ω–¥—ã —á—Ç–æ –∏ —É —Ç–µ–±—è
–í—Å–µ–º –ø—Ä–∏–≤–µ—Ç —Ö–æ—Ç–µ–ª —É—Ç–æ—á–Ω–∏—Ç—å —Ä–µ–≥–∏—Å—Ç—Ä–∞—Ü–∏—è –æ—Ç–∫—Ä—ã—Ç–∞ –¥–æ 14.04  23-59 –ø–æ –ú–°–ö —Ç–∞–∫?,–¢–∞–∫ —Ç–æ—á–Ω–æ
–ê –æ—Ç–±–æ—Ä –∏–¥—ë—Ç –ø–æ –∫–∞–∫–∏–º –∫—Ä–∏—Ç–µ—Ä–∏—è–º?,–æ—Ç–±–æ—Ä –∏–¥–µ–π —Å—É–±—ä–µ–∫—Ç–∏–≤–µ–Ω; –≤ –∫–∞—á–µ—Å—Ç–≤–µ –Ω–∞–ø—Ä–∞–≤–ª–µ–Ω–∏—è –º–æ–∂–Ω–æ –≤–∑—è—Ç—å –∫—Ä–∏—Ç–µ—Ä–∏–∏ –æ—Ü–µ–Ω–∫–∏ –∏ –ø–æ—Å–º–æ—Ç—Ä–µ—Ç—å:1) –Ω–∞—Å–∫–æ–ª—å–∫–æ –≤–∞—à–∞ –∫–æ–º–∞–Ω–¥–∞ –º–æ–∂–µ—Ç —Ç–µ—Ö–Ω–∏—á–µ—Å–∫–∏ —Ä–µ–∞–ª–∏–∑–æ–≤–∞—Ç—å –ø—Ä–æ—Ç–æ—Ç–∏–ø –∏ –ø—Ä–æ–¥—É–∫—Ç2) –Ω–∞—Å–∫–æ–ª—å–∫–æ –ø—Ä–æ—Ä–∞–±–æ—Ç–∞–Ω–∞ –∏–¥–µ—è3) –Ω–∞—Å–∫–æ–ª—å–∫–æ –∞–∫—Ç—É–∞–ª—å–Ω–∞ –∏–¥–µ—è –≤ –æ–±–æ–∑—Ä–∏–º–æ–º –±—É–¥—É—â–µ–º4) –Ω–∞—Å–∫–æ–ª—å–∫–æ –æ—Ä–∏–≥–∏–Ω–∞–ª—å–Ω–∞ –∏–¥–µ—è5) –Ω–∞—Å–∫–æ–ª—å–∫–æ —Ö–æ—Ä–æ—à–æ –≤—ã –æ–ø–∏—Å–∞–ª–∏ –≤–∞—à—É –∏–¥–µ—é
@aleksandr_malyshev –∞ –∫—Ç–æ –±—É–¥–µ—Ç –∞–ø–ø—Ä—É–≤–∏—Ç—å –∑–∞—è–≤–∫–∏ –æ—Ç–¥–µ–ª—å–Ω–æ —É—á–∞—Å—Ç–Ω–∏–∫–æ–≤?,—Å–∞–º–æ–∑–∞–Ω—è—Ç—ã–µ ü¶π‚Äç‚ôÄÔ∏è
–ò –µ—â—ë –∞ –µ—Å–ª–∏ –≤–∑—è—Ç—å –∏–¥–µ—é –∏–∑ —Å–ø–∏—Å–∫–∞ –∫–∞–∫–æ–π —à–∞–Ω—Å?,–≥–ª–∞–≤–Ω–æ–µ —Ö–æ—Ä–æ—à–æ –æ–ø–∏—Å–∞—Ç—å –µ–µ
–ö—Å—Ç–∞—Ç–∏ —Ç–∞–∫–æ–π –Ω–µ—Å–∫—Ä–æ–º–Ω—ã–π –≤–æ–ø—Ä–æ—Å –∞ —á—Ç–æ –ø–æ –ø—Ä–∏–∑–∞–º?,—Ç–∞–∫ –Ω–∞ —Å–∞–π—Ç–µ –≤—Å–µ –µ—Å—Ç—å üôÇ
–∫–∞–∫ –≤—ã —É–∑–Ω–∞–µ—Ç–µ –æ —Ç–æ–º —á—Ç–æ –∫–æ–º–∞–Ω–¥–∞ –ø—Ä–æ–≤–µ–ª–∞ —Ä–∞–±–æ—Ç—É –Ω–∞–¥ –æ—à–∏–±–∫–∞–º–∏? –ù—É–∂–Ω–æ –ø–æ–≤—Ç–æ—Ä–Ω–æ –ø—Ä–∏—Å–ª–∞—Ç—å –ø—Ä–µ–∑–µ–Ω—Ç–∞—Ü–∏—é?,–õ—é–±—ã–º —É–¥–æ–±–Ω—ã–º –≤–∞–º —Å–ø–æ—Å–æ–±–æ–º
–ú—ã –ø—Ä–æ—à–ª–∏. –í–æ–ø—Ä–æ—Å: –ú–æ–∂–µ–º –ª–∏ –º—ã –ø—Ä–∏–≥–ª–∞—Å–∏—Ç—å –∫ —Å–µ–±–µ —É—á–∞—Å—Ç–Ω–∏–∫–æ–≤ –Ω–µ–ø—Ä–æ—à–µ–¥—à–∏—Ö –∫–æ–º–∞–Ω–¥?,–ú–æ–∂–µ—Ç–µ; –Ω–µ –≥–∞—Ä–∞–Ω—Ç–∏—Ä—É–µ–º —á—Ç–æ –º–µ—Ä—á–∞/–ø—Ä–æ–º–æ–∫–æ–¥–æ–≤ —Ö–≤–∞—Ç–∏—Ç –Ω–∞ –Ω–æ–≤—ã—Ö —á–ª–µ–Ω–æ–≤ –∫–æ–º–∞–Ω–¥—ã;–ï—Å–ª–∏ –¥–µ–ª–∞–µ—Ç–µ –∑–∞–º–µ–Ω—É —á–ª–µ–Ω–∞ –∫–æ–º–∞–Ω–¥—ã —Ç–æ –≤—Å–µ –æ–∫
–í–æ–ø—Ä–æ—Å —Ç–∞–∫–æ–π. 1. –ü–æ—á–µ–º—É –µ—Å—Ç—å –≤ –ø–æ–ª—è—Ö –æ—Ü–µ–Ω–æ–∫ –ø—É—Å—Ç—ã–µ –ø–æ–ª—è? –°–µ—Ä—å–µ–∑–Ω–æ–æ—Ü–µ–Ω–∫–∞ —ç–∫—Å–ø–µ—Ä—Ç–∞ - –Ω–µ –æ–±—è–∑–∞—Ç–µ–ª—å–Ω–∞?,–ï—Å–ª–∏ –º–µ–Ω—Ç–æ—Ä –æ—Ü–µ–Ω–∏–ª >20 –∫–æ–º–∞–Ω–¥ —Ç–æ —ç—Ç–æ –µ–≥–æ –ª–∏—á–Ω–∞—è –∏–Ω–∏—Ü–∏–∞—Ç–∏–≤–∞
–î–æ–±—Ä—ã–π –¥–µ–Ω—å –≤ –∫–∞–∫–æ–π —Ñ–æ—Ä–º–µ –Ω—É–∂–Ω–æ –ø–æ–¥—Ç–≤–µ—Ä–¥–∏—Ç—å —É—á–∞—Å—Ç–∏–µ —Å–µ–≥–æ–¥–Ω—è?,–Ω–∞ https://smzhack.ru/ –≤ —Å–≤–æ–µ–º –∞–∫–∫–∞—É–Ω—Ç–µ
–í—Ç–æ—Ä–æ–π –≤–æ–ª–Ω—ã –æ—Ç–±–æ—Ä–∞ –∫–æ–º–∞–Ω–¥ –Ω–µ –±—É–¥–µ—Ç?,–í—Å–µ –∫–æ–º–∞–Ω–¥—ã –∏–∑ —Ç–æ–ø 20 –ø–æ–¥—Ç–≤–µ—Ä–¥–∏–ª–∏ —É—á–∞—Å—Ç–∏–µ
–ö–æ–≥–¥–∞ –±—É–¥–µ—Ç —Ä–∞—Å–ø–∏—Å–∞–Ω–∏–µ ?,–Ω–∞ —Å–∞–π—Ç–µ smzhack
–ü—Ä–µ–¥–ø–æ–ª–æ–∂–∏–º —É –Ω–∞—Å –µ—Å—Ç—å —Å–∞–º–æ–∑–∞–Ω—è—Ç—ã–π.  –ß—Ç–æ –µ–º—É –Ω—É–∂–Ω–æ —á—Ç–æ–±—ã —Å –µ–≥–æ –∞–∫–∫–æ–º –≤–∑–∞–∏–º–æ–¥–µ–π—Å—Ç–≤–æ–≤–∞—Ç—å —á–µ—Ä–µ–∑ API?,–ß—Ç–æ–±—ã —Å–∞–º–æ–∑–∞–Ω—è—Ç—ã–π –º–æ–≥ –∏—Å–ø–æ–ª—å–∑–æ–≤–∞—Ç—å –≤–∞—à–∏ –ø—Ä–∏–ª–æ–∂–µ–Ω–∏—è –∏ —Å–µ—Ä–≤–∏—Å—ã –µ–º—É –Ω—É–∂–Ω–æ –±—É–¥–µ—Ç —Ç–æ–ª—å–∫–æ —É–∫–∞–∑–∞—Ç—å –≤ –Ω–∏—Ö —Å–≤–æ–π –ò–ù–ù –∏ –ø–æ–¥—Ç–≤–µ—Ä–¥–∏—Ç—å —ç—Ç–æ –≤ –õ–ö –ù–ü–î
–ø–∏–≤–æ—Ç–∏—Ç—å—Å—è ‚Äî —Å—Ç–∞–Ω–æ–≤–∏—Ç—å—Å—è —Å–∞–º–æ–∑–∞–Ω—è—Ç—ã–º –∏ –æ–±—Ä–∞—Ç–Ω–æ?,–ú–µ–Ω—è—Ç—å –∏–¥–µ—é –ø—Ä–æ–µ–∫—Ç–∞
—É –º–µ–Ω—è –≤–æ–ø—Ä–æ—Å: –∫–∞–∫ –Ω–∞–º –ø—Ä–æ–≤–æ–¥–∏—Ç—å —Ç–µ—Å—Ç—ã –Ω–∞ –æ–±—ã—á–Ω—ã—Ö –ª—é–¥—è—Ö? –±—É–¥—É—Ç –ª–∏ –¥–∞–Ω—ã –∫–∞–∫–∏–µ-—Ç–æ —Ç–µ—Å—Ç–æ–≤—ã–µ —É—á–µ—Ç–∫–∏ –¥–ª—è —Ä–µ–≥–∏—Å—Ç—Ä–∞—Ü–∏–∏ —á–µ–ª–æ–≤–µ–∫–∞ –∫–∞–∫ —Å–∞–º,–î–æ–ª–∂–Ω—ã –¥–∞—Ç—å —Ç–µ—Å—Ç–æ–≤—ã–µ
–ï—Å—Ç—å –ª–∏–Ω–∫ –Ω–∞ –ø–æ—Å—Ç–º–∞–Ω?,Soap ui —é–∑–∞–π —É–¥–æ–±–Ω–µ–µ –¥–ª—è —Ä–∞–±–æ—Ç—ã —Å –∞–ø–∏ –§–ù–°
–ó–∞–ø–∏—Å–∏ –≥–¥–µ –±—É–¥—É—Ç?,https://www.youtube.com/channel/UCFkGB60QMjBepeO7grDcdUw/featured
–ù–∞–º –∂–µ –Ω–µ –Ω—É–∂–Ω–æ –±—Ä–æ–Ω–∏—Ä–æ–≤–∞—Ç—å –º–µ–Ω—Ç–æ—Ä–æ–≤ –Ω–∞ –Ω—É–ª–µ–≤–æ–π —á–µ–∫–ø–æ–∏–Ω—Ç?,—Ç–æ–ª—å–∫–æ –µ—Å–ª–∏ –≤–∞–º –µ—Å—Ç—å —á—Ç–æ –æ–±—Å—É–¥–∏—Ç—å —Å –Ω–∏–º
–ê –¥–∞–Ω–Ω—ã–µ –±—É–¥—É—Ç –ø—Ä–æ–≤–µ—Ä—è—Ç—å—Å—è –Ω–∞ —Ä–µ–∞–ª—å–Ω–æ—Å—Ç—å? =),—ç—Ç–∞ –ø—Ä–æ–≤–µ—Ä–∫–∞ –≤–∫–ª—é—á–µ–Ω–∞ –≤ —Ç–µ—Å—Ç–æ–≤–æ–º –∫–æ–Ω—Ç—É—Ä–µ
—Ç–æ –µ—Å—Ç—å –∫–æ–≥–¥–∞ –ø–æ–¥–Ω–∏–º–µ—Ç—Å—è —Ñ–Ω—Å –º–æ–∂–Ω–æ –±—É–¥–µ—Ç –ø–æ–ª—É—á–∏—Ç—å —Ç–µ—Å—Ç–æ–≤—ã–µ –¥–∞–Ω–Ω—ã–µ –±–µ–∑ –æ—Ç–ø—Ä–∞–≤–∫–∏ –ø–µ—Ä—Å–æ–Ω–∞–ª—å–Ω—ã—Ö?),–Ω–µ—Ç)
–≤ –∫–∞–∫–æ–π —Å—Ç–µ–ø–µ–Ω–∏( —Ñ—É–Ω–∫—Ü–∏–∏) –Ω—É–∂–Ω–æ –∏—Å–ø–æ–ª—å–∑–æ–≤–∞—Ç—å API –§–ù–° –¥–ª—è –≤—ã–ø–æ–ª–Ω–µ–Ω–∏—è —Ç—Ä–µ–±–æ–≤–∞–Ω–∏–π –∏ —è–≤–ª—è–µ—Ç—Å—è –ª–∏ —ç—Ç–æ –æ–±—è–∑–∞—Ç–µ–ª—å–Ω—ã–º?,–ö–æ–ª–ª–µ–≥–∏ —Ç—É—Ç –≤–æ–ø—Ä–æ—Å –ª–µ–≥–∞–ª—å–Ω–æ—Å—Ç–∏ –µ—Å–ª–∏ –≤—ã –Ω–∞ –ø–ª–æ—â–∞–¥–∫–µ –æ—Ä–≥–∞–Ω–∏–∑—É–µ—Ç–µ –ø—Ä–∏—ë–º –∏ –ø–µ—Ä–µ–≤–æ–¥ —Å—Ä–µ–¥—Å—Ç–≤ –∞ –æ–Ω –±—É–¥–µ—Ç —é—Ä–µ–¥–∏—á–µ—Å–∫–∏ –Ω–µ –æ–±–æ—Å–Ω–æ–≤–∞–Ω (–Ω–µ –∑–∞–∫–æ–Ω–µ–Ω) —Ç–æ –±–æ—é—Å—å —É –≤–∞—Å –±—É–¥–µ—Ç –º–µ–Ω—å—à–µ —à–∞–Ω—Å–æ–≤ –Ω–∞ –ø–æ–±–µ–¥—É)
–ê–∫—Ç—É–∞–ª—å–Ω–∞—è —Å—Å—ã–ª–∫–∞ –Ω–∞ —é—Ç—É–± https://www.youtube.com/watch?v=oe_ZI7h-Ytk,–∞ –≥–¥–µ-—Ç–æ –¥–æ—Å—Ç—É–ø–Ω—ã –∑–∞–ø–∏—Å–∏ —Å–µ–º–∏–Ω–∞—Ä–æ–≤?
–∞ –≥–¥–µ-—Ç–æ –¥–æ—Å—Ç—É–ø–Ω—ã –∑–∞–ø–∏—Å–∏ —Å–µ–º–∏–Ω–∞—Ä–æ–≤?,https://www.youtube.com/channel/UCFkGB60QMjBepeO7grDcdUw
–ü–æ–¥—Å–∫–∞–∂–∏—Ç–µ –ø–∂–ª –∞ –º—ã –º–æ–∂–µ–º –ø—Ä–æ–≤–æ–¥–∏—Ç—å –¥–µ–º–æ —á–µ—Ä–µ–∑ –¥–∏—Å–∫–æ—Ä–¥? –Ω–∞–º –Ω–µ–æ–±—Ö–æ–¥–∏–º–æ –∑–∞—Å—Ç—Ä–∏–º–∏—Ç—å 2 —ç–∫—Ä–∞–Ω–∞ —Å –º–æ–±–∏–ª—å–Ω—ã—Ö –∏ –ø—Ä–µ–∑–µ–Ω—Ç–∞—Ü–∏—é. –ö–æ–º–∞–Ω–¥–∞ –î,—á–µ—Ä–µ–∑ Zoom —Ç–æ—á–Ω–æ –º–æ–∂–Ω–æ —Ç—Ä–∞–Ω—Å–ª–∏—Ä–æ–≤–∞—Ç—å —ç–∫—Ä–∞–Ω –º–æ–±–∏–ª—å–Ω–æ–≥–æ –Ω–æ –Ω–µ –∑–Ω–∞—é –Ω–∞—Å—á—ë—Ç –Ω–µ—Å–∫–æ–ª—å–∫–∏—Ö —ç–∫—Ä–∞–Ω–æ–≤ –æ–¥–Ω–æ–≤—Ä–µ–º–µ–Ω–Ω–æ. 3 –ø–æ–ª—å–∑–æ–≤–∞—Ç–µ–ª—è —Å —ç—Ç–∏–º —Å–ø—Ä–∞–≤—è—Ç—Å—è
–í–æ–ø—Ä–æ—Å: –Ω–∏—á–µ–≥–æ —Å—Ç—Ä–∞—à–Ω–æ–≥–æ —á—Ç–æ –º—ã –≤—Å–µ–π –∫–æ–º–∞–Ω–¥–æ–π –ø—Ä–æ–ø—É—Å—Ç–∏–ª–∏ –∏–Ω—Ñ—É –ø—Ä–æ –≤–µ—á–µ—Ä–Ω–∏–π —á–µ–∫–∏–Ω –∏ —Å–æ–±—Å—Ç–≤–µ–Ω–Ω–æ –Ω–µ –∑–∞—á–µ–∫–∏–Ω–∏–ª–∏—Å—å?),–í—Å–µ –æ–∫
SMZHack: –≠–∫–≤–∞—Ç–æ—Ä –æ–±—â–∏–π –∫–æ–Ω—Ñ–µ—Ä–µ–Ω—Ü –∫–æ–ª–ª :calendar:–ö–æ–≥–¥–∞? –ü—Ä—è–º–æ —Å–µ–π—á–∞—Å ‚Ä¢ –û–ø–∏—Å–∞–Ω–∏–µ: –û—Ä–≥–∞–Ω–∏–∑–∞—Ç–æ—Ä—ã SMZHack –æ—Ç–≤–µ—Ç—è—Ç –Ω–∞ –Ω–∞–∫–æ–ø–∏–≤—à–∏–µ—Å—è –≤–æ–ø—Ä–æ—Å—ã –∞,–ï—Å–ª–∏ –∫—Ç–æ-—Ç–æ –µ—â—ë –º–æ–∂–µ—Ç –ø–æ–¥–∫–ª—é—á–∏—Ç—å—Å—è - –ø—Ä–∏—Å–æ–µ–¥–∏–Ω—è–π—Ç–µ—Å—å! –ï–∫–∞—Ç–µ—Ä–∏–Ω–∞ —Ä–∞—Å—Å–∫–∞–∑—ã–≤–∞–µ—Ç –æ—á–µ–Ω—å –ø–æ–ª–µ–∑–Ω—É—é –∏–Ω—Ñ–æ—Ä–º–∞—Ü–∏—é –æ –º–æ–Ω–µ—Ç–∏–∑–∞—Ü–∏–∏ –Ω–∞–ª–æ–≥–æ–≤—ã—Ö —Å–µ—Ä–≤–∏—Å–æ–≤! –ö—Ä–∞–π–Ω–µ –ø–æ–ª–µ–∑–Ω–æ
–ë–∞—Ä–Ω—ã–π —Ñ–æ—Ä–º–∞—Ç Show and Tell  :calendar:–ö–æ–≥–¥–∞? –ü—Ä—è–º–æ —Å–µ–π—á–∞—Å  ‚Ä¢ –û–ø–∏—Å–∞–Ω–∏–µ:  –∫–∞–∂–¥—ã–π –∏–∑ —É—á–∞—Å—Ç–Ω–∏–∫–æ–≤ –¥–æ–ª–∂–µ–Ω –ø–æ–∫–∞–∑–∞—Ç—å —á—Ç–æ-—Ç–æ –±–µ–∑ —á–µ–≥–æ –æ–Ω –Ω–µ –º–æ–∂,https://www.youtube.com/watch?v=ObeUTSOyIQg
–∫–∞–∫–æ–π —ç–Ω–¥–ø–æ–∏–Ω—Ç?,https://ktir.smz.w1.money/api/token/

–í–æ–ø—Ä–æ—Å –∫ –º–µ–Ω—Ç–æ—Ä—É,-