id,Questions,Answers
0,–ê –º–æ–∂–Ω–æ –∫–∞–∫ —Ç–æ –ø–æ–ª—É—á–∏—Ç—å —Ç–µ—Å—Ç–æ–≤—ã–π –¥–æ—Å—Ç—É–ø –≤ –ú–æ–π –Ω–∞–ª–æ–≥?,@mishamx –ú–∏—Ö–∞–∏–ª - –æ—Ä–≥–∞–Ω–∏–∑–∞—Ç–æ—Ä. –ü–æ–º–æ–∂–µ—Ç —Å –æ—Ç–≤–µ—Ç–æ–º (–≤ —Ä–∞–±–æ—á–µ–µ –≤—Ä–µ–º—è)
1,–î–æ–±—Ä—ã–π –¥–µ–Ω—å. –†–µ–∑—É–ª—å—Ç–∞—Ç–æ–º —Ö–∞–∫–∞—Ç–æ–Ω–∞ –¥–æ–ª–∂–µ–Ω –±—ã—Ç—å –ø—Ä–æ—Ç–æ—Ç–∏–ø ?(—Ñ–∏–≥–º–∞ —Ö–¥) –∏–ª–∏ mvp –ø—Ä–æ–¥—É–∫—Ç–∞ ?,–§–∏–≥–º–∞ —ç—Ç–æ –Ω–µ –ø—Ä–æ—Ç–æ—Ç–∏–ø
2,–ê —á—Ç–æ —Ç–∞–º –∑–∞ —Ç–µ—Å—Ç –Ω–∞–¥–æ –ø—Ä–æ–π—Ç–∏ –ø—Ä–∏ —Ä–µ–≥–∏—Å—Ç—Ä–∞—Ü–∏–∏? –ù–∞ –∫–∞–∫—É—é –æ–Ω —Ç–µ–º—É?,"–¢–∞–º –Ω–µ—Ç —Ç–µ—Å—Ç–∞, –æ—Ç–±–æ—Ä–æ—á–Ω–æ–µ –∑–∞–¥–∞–Ω–∏–µ - –æ–ø–∏—Å–∞—Ç—å –∏–¥–µ—é –ø—Ä–æ–µ–∫—Ç–∞, –∫–æ—Ç–æ—Ä—ã–π –≤—ã –ø–ª–∞–Ω–∏—Ä—É–µ—Ç–µ —Ä–µ–∞–ª–∏–∑–æ–≤–∞—Ç—å"
3,"–º–æ–∂–µ—Ç –±—ã—Ç—å —Ç–∞–∫–æ–µ, —á—Ç–æ –º—ã –ø–æ–¥–∞–µ–º—Å—è –∫–æ–º–∞–Ω–¥–æ–π, –∏ –∫—Ç–æ-—Ç–æ –ø—Ä–æ–π–¥–µ—Ç, –∞ –∫—Ç–æ-—Ç–æ –Ω–µ—Ç? @aleksandr_malyshev","–ú—ã –æ—Ç–±–∏—Ä–∞–µ–º –∫–æ–º–∞–Ω–¥—É, –ø–æ-—ç—Ç–æ–º—É –≤—Å–µ —á–ª–µ–Ω—ã –∫–æ–º–∞–Ω–¥—ã –ø–æ–ª—É—á–∞—Ç –ø—Ä–∏–≥–ª–∞—à–µ–Ω–∏–µ"
4,–í–æ–ø—Ä–æ—Å –ø–æ —Ö–∞–∫–∞—Ç–æ–Ω—É - –∫–∞–∫–æ–≤ –º–∏–Ω–∏–º–∞–ª—å–Ω—ã–π –≤–æ–∑—Ä–∞—Å—Ç —É—á–∞—Å—Ç–Ω–∏–∫–∞?,–û–≥—Ä–∞–Ω–∏—á–µ–Ω–∏–π –Ω–µ—Ç ü•≥
5,https://www.youtube.com/watch?v=IlzsVBR64NA,"–∫—Ç–æ-—Ç–æ —É–∂–µ –ø–æ—Å–º–æ—Ç—Ä–µ–ª, –∫–∞–∫ –≤–∞–º?"
6,"–∫—Ç–æ-—Ç–æ —É–∂–µ –ø–æ—Å–º–æ—Ç—Ä–µ–ª, –∫–∞–∫ –≤–∞–º?","–î–ª—è –∑–∞–ø—É—Å–∫–∞ –ø—Ä–æ–¥—É–∫—Ç–æ–≤ —Å–∞–º–æ–µ –æ–Ω–æ,  –Ω–æ –Ω–∞ —Ö–∞–∫–∞—Ç–æ–Ω–µ –≤—Å–µ —Ç–∞–∫–∏ —Ä–µ—à–µ–Ω–∏—è –±–æ–ª–µ–µ —Ç–µ—Ö–Ω–∏—á–µ—Å–∫–∏ —Å–ª–æ–∂–Ω—ã–º–∏ –¥–æ–ª–∂–Ω—ã –±—ã—Ç—å. –•–æ—Ç—è —ç—Ç–æ –∫–∞–∫ –æ—Ü–µ–Ω–∏–≤–∞—Ç—å —Ç–µ—Ö–Ω–∏—á–µ—Å–∫—É—é —á–∞—Å—Ç—å"
7,"–¢—ã –∂–µ –∑–Ω–∞–µ—à—å, —á—Ç–æ –Ω–µ–¥–∞–≤–Ω–æ –æ–¥–∏–Ω —Ç–æ–ø3 —Ñ–∞—Å—Ç—Ñ—É–¥ –∏—Å–∫–∞–ª –ø–æ —Ä—ã–Ω–∫—É –ø—Ä–∏–ª–æ–∂–µ–Ω–∏–µ —Å —Ñ—É–Ω–∫—Ü–∏–æ–Ω–∞–ª–æ–º Lazy Daily?",–ê –ø–æ–ø–æ–¥—Ä–æ–±–Ω–µ–µ
8,"–ó–¥—Ä–∞–≤—Å—Ç–≤—É–π—Ç–µ, —É—á–∞—Å—Ç–∏–µ —Å 18?",–û–≥—Ä–∞–Ω–∏—á–µ–Ω–∏–π –Ω–∞ –≤–æ–∑—Ä–∞—Å—Ç –Ω–µ—Ç
9,–ú–æ–∂–µ—Ç –∏–∑-–∑–∞ –≤—ã–ø–ª–∞—Ç—ã –ø—Ä–∏–∑–æ–≤?,"–ê–≥–∞, —á–∏—Å—Ç–æ –∏–∑-–∑–∞ —ç—Ç–æ–≥–æ"
10,–ê –≤—ã –∫–∞–∫ —Å—Ç—É–¥–∏—è —Ä–∞–±–æ—Ç–∞–µ—Ç–µ?,–î–∞
11,"–ö—Å—Ç–∞—Ç–∏, –∞ –º–æ–∂–Ω–æ –Ω–µ—Å–∫–æ–ª—å–∫–æ –∏–¥–µ–π –æ—Ç–æ—Å–ª–∞—Ç—å?","–î–∞, –º–æ–∂–Ω–æ"
12,"–ï—Å—Ç—å –∏–¥–µ—è, –Ω–æ –Ω–µ—Ç –≤–æ–∑–º–æ–∂–Ω–æ—Å—Ç–∏ –µ–µ –≤–æ–ø–ª–æ—Ç–∏—Ç—å. –¢–∞–∫ –∫–∞–∫ –Ω–µ—Ç –Ω–∞–≤—ã–∫–æ–≤, –µ—Å—Ç—å –∫—Ç–æ –≤—ã—Å–ª—É—à–∞–µ—Ç? –ú–æ–∂–µ—Ç, —á—Ç–æ –ø–æ–¥—Å–∫–∞–∂–µ—Ç!",–ñ–≥–∏ –≤ –ª—Å
13,"–ê–¥–º–∏–Ω—ã, –ø–æ–¥—Å–∫–∞–∂–∏—Ç–µ –ø–æ–∂–∞–ª—É–π—Å—Ç–∞, –≤ —á–∞—Ç–µ –µ—Å—Ç—å –ø—Ä–µ–¥—Å—Ç–∞–≤–∏—Ç–µ–ª–∏ –§–ù–° –∏ Wallet One?","–î–∞, –µ—Å—Ç—å. –ö–∞–∫–æ–π —É –≤–∞—Å –≤–æ–ø—Ä–æ—Å?"
14,–ê –∫–∞–∫ –ø–æ–ª—É—á–∏—Ç—å –¥–æ—Å—Ç—É–ø –∫ API / –æ–ø–∏—Å–∞–Ω–∏–µ –∏–ª–∏ –æ–Ω–∏ –±—É–¥—É—Ç —Ç–æ–ª—å–∫–æ –≤ –¥–Ω–∏ —Ö–∞–∫–∞—Ç–æ–Ω–∞? –ò–Ω—Ç–µ—Ä–µ—Å—É–µ—Ç p2p  –∏ –∑–∞—â–∏—â–µ–Ω–Ω–∞—è —Å–¥–µ–ª–∫–∞,"–ë—É–¥–µ–º –≤—ã–¥–∞–≤–∞—Ç—å –∫–ª—é—á–∏ –¥–æ—Å—Ç—É–ø–∞ –∏–Ω–¥–∏–≤–∏–¥—É–∞–ª—å–Ω–æ –ø–æ –∑–∞–ø—Ä–æ—Å—É –±–ª–∏–∂–µ –∫ —Ö–∞–∫–∞—Ç–æ–Ω—É, —Ç–æ —á—Ç–æ –µ—Å—Ç—å –Ω–∞ –¥–∞–Ω–Ω—ã–π –º–æ–º–µ–Ω—Ç –ø–æ –æ–ø–∏—Å–∞–Ω–∏—é –ê–ü–ò —Å–∫–∏–Ω—É–ª–∏ –≤—ã—à–µ"
15,–ê –±—É–¥—É—Ç –ª–∏ –∫–∞–∫–∏–µ-–Ω–∏–±—É–¥—å –∏–Ω—Ç–µ—Ä–µ—Å–Ω—ã–µ –∞–ø–∏—à–∫–∏ –ø—Ä–µ–¥–æ—Å—Ç–∞–≤–ª–µ–Ω—ã —É—á–∞—Å—Ç–Ω–∏–∫–∞–º —Ö–∞–∫–∞—Ç–æ–Ω–∞?,"–¢–∞–∫ —Ç–æ—á–Ω–æ–£–∂–µ –æ—Ñ–æ—Ä–º–∏–ª–∏ –≤ —Ç–∞–∫–æ–º –≤–∏–¥–µ: ‚Ä¢ –î–ª—è —Å–∞–º–æ–∑–∞–Ω—è—Ç—ã—Ö ‚Ä¢ API —Å–∏—Å—Ç–µ–º—ã –ø–ª–∞—Ç—Ñ–æ—Ä–º—ã –ø–ª–∞—Ç–µ–∂–µ–π X-Plat ‚Ä¢ API P2P–ë–ª–∏–∂–µ –∫ —Ö–∞–∫—É –ø–æ—Å—Ç–∞—Ä–∞–µ–º—Å—è —É–ø–∞–∫–æ–≤–∞—Ç—å –≤ –ø–æ—Å—Ç–º–∞–Ω, —á—Ç–æ–±—ã –±—ã–ª–æ —É–¥–æ–±–Ω–µ–µ"
16,–¢–µ—Å—Ç–æ–≤—ã–µ –¥–∞–Ω–Ω—ã–µ –¥–ª—è –≤—Ö–æ–¥–∞ –º–æ–∂–Ω–æ –ø–æ–ª—É—á–∏—Ç—å?,–í—ã–¥–∞–¥–∏–º –±–ª–∏–∂–µ –∫ —Ö–∞–∫–∞—Ç–æ–Ω—É
17,–°–ø–∞—Å–∏–±–æ. –ï—Å—Ç—å –ª–∏ –≤–æ–∑–º–æ–∂–Ω–æ—Å—Ç—å —á–µ—Ä–µ–∑ –∞–ø–∏ –¥–µ–ª–∞—Ç—å –ø–µ—Ä–µ–≤–æ–¥—ã –¥–µ–Ω–µ–≥ –≤–Ω—É—Ç—Ä–∏ Wallet One –∏ –≤—ã–≤–æ–¥ –¥–µ–Ω–µ–≥? –ò–Ω—Ç–µ—Ä–µ—Å—É–µ—Ç –æ—Ç–≤–µ—Ç –Ω–∞ –≤–æ–ø—Ä–æ—Å –≤ –¥–≤—É—Ö ,"–î–ª—è —Ö–∞–∫–∞—Ç–æ–Ω–∞ –º—ã –ø—Ä–µ–¥–æ—Å—Ç–∞–≤–ª—è–µ–º —Å–ª–µ–¥—É—é—â–∏–µ –∞–ø–∏: –≤—ã–ø–ª–∞—Ç—ã —á–µ—Ä–µ–∑ –∞–≥–µ–Ω—Ç—Å–∫–∏–π –ø—Ä–æ—Ç–æ–∫–æ–ª xs2 –∏ —Ñ—É–Ω–∫—Ü–∏–æ–Ω–∞–ª —Ä2—Ä –ø–µ—Ä–µ–≤–æ–¥–æ–≤ (—Å–¥–µ–ª–∫–∞) —á–µ—Ä–µ–∑, —Å–æ–æ—Ç–≤–µ—Ç—Å—Ç–≤–µ–Ω–Ω–æ, –∞–ø–∏ —Ä2—Ä."
18,–ö–∞—Ä–∞–Ω—Ç–∏–Ω: –ø–∏–ª–∏—Ç—å –ø–µ—Ç-–ø—Ä–æ–¥–∂–µ–∫—Ç—ã –∏–ª–∏ –ª–µ–∂–∞—Ç—å –Ω–∞ –¥–∏–≤–∞–Ω–µ?  –ù–∞–ø–∏—Å–∞–ª–∏ –º–∞—Ç–µ—Ä–∏–∞–ª –Ω–∞ –•–∞–±—Ä–µ –∫–∞–∫ –∏ –∑–∞—á–µ–º Wallet One –ø—Ä–æ–≤–æ–¥—è—Ç —Ö–∞–∫–∞—Ç–æ–Ω –ø–æ —Å–∞–º–æ,–ê–ø–ø—Ä—É–≤—å—Ç–µ –≤–æ–ø—Ä–æ—Å—ã –∫ –§–ù–° –ø–æ–¥ —Å—Ç–∞—Ç—å—ë–π –ø–ª–∏–∑
19,–ö–∞—Å—Å–æ–≤—ã–µ –∞–ø–ø–∞—Ä–∞—Ç—ã –∏–ª–∏ POS —Ç–µ—Ä–º–∏–Ω–∞–ª—ã?,"POS-—Ç–µ—Ä–º–∏–Ω–∞–ª –¥–ª—è —Å–∞–º–æ–∑–∞–Ω—è—Ç—ã—Ö? –ù–µ –ø—Ä–µ–¥—É—Å–º–∞—Ç—Ä–∏–≤–∞–µ—Ç—Å—è –∑–∞–∫–æ–Ω–æ–¥–∞—Ç–µ–ª—å—Å—Ç–≤–æ–º, –Ω–∞—Å–∫–æ–ª—å–∫–æ –ø–æ–Ω–∏–º–∞—é. –ö–∞–∫–æ–π –∫–µ–π—Å?"
20,"POS-—Ç–µ—Ä–º–∏–Ω–∞–ª –¥–ª—è —Å–∞–º–æ–∑–∞–Ω—è—Ç—ã—Ö? –ù–µ –ø—Ä–µ–¥—É—Å–º–∞—Ç—Ä–∏–≤–∞–µ—Ç—Å—è –∑–∞–∫–æ–Ω–æ–¥–∞—Ç–µ–ª—å—Å—Ç–≤–æ–º, –Ω–∞—Å–∫–æ–ª—å–∫–æ –ø–æ–Ω–∏–º–∞—é. –ö–∞–∫–æ–π –∫–µ–π—Å?","–ù–µ –∑–Ω–∞—é, –±—ã–ª–∞ —Ä–µ—á—å –æ —Ç–µ—Ä–º–∏–Ω–∞–ª–∞—Ö —Å–∞–º–æ–æ–±—Å–ª—É–∂–∏–≤–∞–Ω–∏—è"
21,"–†–µ–±—è—Ç–∞, –∞ –∫–∞–∫ –¥–æ–±–∞–≤–∏—Ç—å –ª—é–¥–µ–π –≤ –∫–æ–º–∞–Ω–¥—É –ø–æ—Å–ª–µ —Ä–µ–≥–∏—Å—Ç—Ä–∞—Ü–∏–∏?","–∏–º –Ω—É–∂–Ω–æ –≤–ø–∏—Å–∞—Ç—å —Ç–æ –∂–µ –∏–º—è –∫–æ–º–∞–Ω–¥—ã, —á—Ç–æ –∏ —É —Ç–µ–±—è"
22,"#whois  1) 1–° (–Ω–µ —É–≤–∏–¥–µ–ª–∞ —Ç—É—Ç –Ω–∏–∫–æ–≥–æ –ø–æ–¥–æ–±–Ω–æ–≥–æ, –±—É–¥—É –ø–µ—Ä–≤–æ–π?) 2) –ü—Ä–∏–Ω—è—Ç—å —É—á–∞—Å—Ç–∏–µ –≤ –æ–Ω–ª–∞–π–Ω-—Ö–∞–∫–∞—Ç–æ–Ω–µ; —Ä–µ–∞–ª–∏–∑–æ–≤–∞—Ç—å –ø—Ä–æ–µ–∫—Ç, –∫–æ—Ç–æ—Ä—ã–π ",1–°? –°–∏–ª—å–Ω–æ!
23,1–°? –°–∏–ª—å–Ω–æ!,JS? –°–∏–ª—å–Ω–æ! ü§∑‚Äç‚ôÄ
24,"–í—Å–µ–º –ø—Ä–∏–≤–µ—Ç, —Ö–æ—Ç–µ–ª —É—Ç–æ—á–Ω–∏—Ç—å, —Ä–µ–≥–∏—Å—Ç—Ä–∞—Ü–∏—è –æ—Ç–∫—Ä—ã—Ç–∞ –¥–æ 14.04  23-59 –ø–æ –ú–°–ö —Ç–∞–∫?",–¢–∞–∫ —Ç–æ—á–Ω–æ
25,–ê –æ—Ç–±–æ—Ä –∏–¥—ë—Ç –ø–æ –∫–∞–∫–∏–º –∫—Ä–∏—Ç–µ—Ä–∏—è–º?,–æ—Ç–±–æ—Ä –∏–¥–µ–π —Å—É–±—ä–µ–∫—Ç–∏–≤–µ–Ω; –≤ –∫–∞—á–µ—Å—Ç–≤–µ –Ω–∞–ø—Ä–∞–≤–ª–µ–Ω–∏—è –º–æ–∂–Ω–æ –≤–∑—è—Ç—å –∫—Ä–∏—Ç–µ—Ä–∏–∏ –æ—Ü–µ–Ω–∫–∏ –∏ –ø–æ—Å–º–æ—Ç—Ä–µ—Ç—å:1) –Ω–∞—Å–∫–æ–ª—å–∫–æ –≤–∞—à–∞ –∫–æ–º–∞–Ω–¥–∞ –º–æ–∂–µ—Ç —Ç–µ—Ö–Ω–∏—á–µ—Å–∫–∏ —Ä–µ–∞–ª–∏–∑–æ–≤–∞—Ç—å –ø—Ä–æ—Ç–æ—Ç–∏–ø –∏ –ø—Ä–æ–¥—É–∫—Ç2) –Ω–∞—Å–∫–æ–ª—å–∫–æ –ø—Ä–æ—Ä–∞–±–æ—Ç–∞–Ω–∞ –∏–¥–µ—è3) –Ω–∞—Å–∫–æ–ª—å–∫–æ –∞–∫—Ç—É–∞–ª—å–Ω–∞ –∏–¥–µ—è –≤ –æ–±–æ–∑—Ä–∏–º–æ–º –±—É–¥—É—â–µ–º4) –Ω–∞—Å–∫–æ–ª—å–∫–æ –æ—Ä–∏–≥–∏–Ω–∞–ª—å–Ω–∞ –∏–¥–µ—è5) –Ω–∞—Å–∫–æ–ª—å–∫–æ —Ö–æ—Ä–æ—à–æ –≤—ã –æ–ø–∏—Å–∞–ª–∏ –≤–∞—à—É –∏–¥–µ—é
26,"–ê –∫–∞–∫ –º–æ–∂–Ω–æ –æ—Ü–µ–Ω–∏—Ç—å –Ω–∞—Å–∫–æ–ª—å–∫–æ –º—ã –º–æ–∂–µ–º —Ä–µ–∞–ª–∏–∑–æ–≤–∞—Ç—å? –≠—Ç–æ —É–∂–µ –Ω–∞ —Å–∞–º–æ–º —Ö–∞–∫–∞—Ç–æ–Ω–µ –≤–∏–¥–Ω–æ –±—É–¥–µ—Ç —Ç–æ–ª—å–∫–æ, —Å–µ–π—á–∞—Å –º—ã –º–æ–∂–µ–º –µ—ë —Ç–æ–ª—å–∫–æ –æ–ø–∏—Å","–¥–≤–µ –∫–æ–º–∞–Ω–¥—ãA = –æ–¥–Ω–∞ 10 –ª–µ—Ç –æ–ø—ã—Ç–∞ iOS –∏ –¥–µ–ª–∞—é—Ç –º–æ–±–∏–ª–∫—ÉB = –≤—Ç–æ—Ä–∞—è 0.5 –≥–æ–¥–∞ –æ–ø—ã—Ç–∞ –≤–µ–± –∏ —Ä–µ—à–∏–ª–∏ —Å–¥–µ–ª–∞—Ç—å –º–æ–±–∏–ª–∫—É–∏–Ω—Ç–µ—Ä–ø–æ–ª–∏—Ä—É–µ–º, —É–º–Ω–æ–∂–∞–µ–º –Ω–∞ —Å–æ–±—Å—Ç–≤–µ–Ω–Ω—É—é —Å—É–±—å–µ–∫—Ç–∏–≤–Ω–æ—Å—Ç—å –∏ –ø—Ä–∏–º–µ—Ä–Ω–æ —Å—Ç–∞–Ω–æ–≤–∏—Ç—Å—è —è—Å–Ω–æ –∫–∞–∫ –æ—Ü–µ–Ω–∏—Ç—å"
27,"@aleksandr_malyshev, –∞ –∫—Ç–æ –±—É–¥–µ—Ç –∞–ø–ø—Ä—É–≤–∏—Ç—å –∑–∞—è–≤–∫–∏ –æ—Ç–¥–µ–ª—å–Ω–æ —É—á–∞—Å—Ç–Ω–∏–∫–æ–≤?",—Å–∞–º–æ–∑–∞–Ω—è—Ç—ã–µ ü¶π‚Äç‚ôÄÔ∏è
28,–°–∫–∞–∂–µ—Ç–µ –∫–∞–∫–æ–π –∫–æ–Ω–∫—É—Ä—Å –Ω–∞ –º–µ—Å—Ç–æ?,"–∫–æ–≥–¥–∞ –≤—Å–µ –ø–æ–¥–∞–¥—É—Ç, –¥–∞"
29,"–ò –µ—â—ë, –∫–∞–∫–æ–≤ —à–∞–Ω—Å –ø—Ä–æ–π—Ç–∏ –æ—Ç–±–æ—Ä –æ–¥–∏–Ω–æ—á–Ω–æ–º—É –∫–æ–¥–µ—Ä—É?","–î–∞ –∏ –∏–¥–µ—é –Ω–µ –ø–æ–∑–¥–Ω–æ –æ–ø–∏—Å–∞—Ç—å, –∑–¥–µ—Å—å –∫—É—á–∞ –ª—é–¥–µ–π –∏—â—É—â–∏—Ö –∫–æ–º–∞–Ω–¥—É"
30,"–ò –µ—â—ë, –∞ –µ—Å–ª–∏ –≤–∑—è—Ç—å –∏–¥–µ—é –∏–∑ —Å–ø–∏—Å–∫–∞, –∫–∞–∫–æ–π —à–∞–Ω—Å?",–≥–ª–∞–≤–Ω–æ–µ —Ö–æ—Ä–æ—à–æ –æ–ø–∏—Å–∞—Ç—å –µ–µ
31,–ò —â–∞—Å –µ—â—ë —É—á–∞—Å—Ç–Ω–∏–∫–∞ –Ω–µ –ø–æ–∑–¥–Ω–æ –∑–∞—Ä–µ–≥–∞—Ç—å?,–Ω–µ –ø–æ–∑–¥–Ω–æ
32,"–û–∫–µ–π, –∞ –Ω–µ—Å–∫–æ–ª—å–∫–æ –∏–¥–µ–π –≤–æ–∑–º–æ–∂–Ω–æ?","–î–∞, –Ω–æ, –ø–æ–∂–∞–ª—É–π, —ç—Ç–æ –Ω–µ–∂–µ–ª–∞—Ç–µ–ª—å–Ω–æ"
33,"Best, –Ω–µ –Ω–∞—à–µ–ª —Ç–≤–æ–µ–≥–æ —Ö—É–∏–∑a. –ß–µ–º –∑–∞–Ω–∏–º–∞–µ—à—å—Å—è?)","–Ø –•—ç—à, —É –º–µ–Ω—è —Å–ø–∞–º–±–ª–æ–∫"
34,–ö–∞–∫–æ–π –ø–æ–ª –ª—É—á—à–µ? –ú—É–∂—Å–∫–æ–π –∏–ª–∏ –∂–µ–Ω—Å–∫–∏–π?,—Ä–µ–∞–∫—Ç –Ω–µ–π—Ç–∏–≤
35,–ê —ç—Ç–æ?,–≠—Ç–æ –≤ –∫–æ–Ω—Ç–µ–∫—Å—Ç–µ —Ö–∞–∫–∞—Ç–æ–Ω–∞
36,–ê –∫–∞–∫–æ–π –≤—ã—Ö–ª–æ–ø?) –µ–≥–æ –∏ –±–µ–∑ —Ö–∞–∫–∞—Ç–æ–Ω–∞ –º–æ–∂–Ω–æ –ø–∏–ª–∏—Ç—å,–ï–≥–æ –±—É–¥–µ—Ç –ø–æ—Ç–µ–Ω—Ü–∏–∞–ª—å–Ω–∞—è –≤–æ–∑–º–æ–∂–Ω–æ—Å—Ç—å –ø—Ä–æ–¥–µ–º–æ–Ω—Å—Ç—Ä–∏—Ä–æ–≤–∞—Ç—å –∏ –ø—Ä–æ–ø–∏—Ç—á–∏—Ç—å –Ω–∞—Å–∫–æ–ª—å–∫–æ —è –ø–æ–º–Ω—é
37,"–ö—Å—Ç–∞—Ç–∏, —Ç–∞–∫–æ–π –Ω–µ—Å–∫—Ä–æ–º–Ω—ã–π –≤–æ–ø—Ä–æ—Å, –∞ —á—Ç–æ –ø–æ –ø—Ä–∏–∑–∞–º?",—Ç–∞–∫ –Ω–∞ —Å–∞–π—Ç–µ –≤—Å–µ –µ—Å—Ç—å üôÇ
38,–°–ø–∞–º–±–ª–æ–∫? –Ø –∏–∑ –¥–µ—Ä–µ–≤–Ω–∏ –∏ –Ω–µ —à–∞—Ä—é,"–ò–Ω–æ–≥–¥–∞, —Ç–µ–ª–µ–≥–∞ –º–æ–∂–µ—Ç –±–ª–æ–∫–∏—Ä–æ–≤–∞—Ç—å —Ç–µ–±–µ –∞–∫–∫–∞—É–Ω—Ç,–∏ –Ω–µ –¥–∞–≤–∞—Ç—å –ø–∏—Å–∞—Ç—å –≤ –ø—É–±–ª–∏—á–Ω—ã—Ö —á–∞—Ç–∞—Ö"
39,–ù–∞ —á—Ç–æ —á–∞—Å —É–±–∏–ª?),–Ω–∞ –º–æ—é –∏–≥—Ä—É
40,"–ë–ª–∏–Ω, —Å–µ–π—á–∞—Å –ø–æ—Å–º–æ—Ç—Ä–µ–ª –∫–∞–∫ –≤—ã–≥–ª—è–¥–∏—Ç –ø—Ä–µ–∑–µ–Ω—Ç–∞—Ü–∏—è –≤ drive'–µ (–≤–æ–≤—Ä–µ–º—è) –∏ —É–≤–∏–¥–µ–ª, —á—Ç–æ —à—Ä–∏—Ñ—Ç—ã —Å–ª–µ—Ç–µ–ª–∏. –ß—Ç–æ –º–æ–∂–Ω–æ —Å–¥–µ–ª–∞—Ç—å —Å —ç—Ç–∏–º ? (–æ—Ç",
41,–ù–∞ –∫–æ–Ω—Ç–µ–Ω—Ç–µ –ø—Ä–µ–∑—ã?,"–Ω—É –¥–∞. –∑–¥–µ—Å—å –ø—Ä–æ–≤–µ—Ä—è–µ–º –∏–¥–µ—é, mvp ‚Äî –Ω–∞ —Ö–∞–∫–µ"
42,"–•–º–º, –∞ —Ç–∞–º —Ç–∞–∫–æ–µ –±—ã–ª–æ?",–ë—ã–ª–æ
43,–¢—ã –Ω–∞ —á—Ç–æ —Ç–æ –Ω–∞–º–µ–∫–∞–µ—à—å?),"–¢—ã –¥–∞–≤–∞–π —Ç—É—Ç –Ω–µ –≤–æ–∑–Ω–∏–∫–∞–π, —Ç–µ–±–µ –µ—â—ë –Ω–∞–º –±–µ–∫–µ–Ω–¥ —Ñ–∏–≥–∞—á–∏—Ç—å)"
44,–ù–∞—à—É –ø—Ä–µ–∑–µ–Ω—Ç–∞—Ü–∏—é —É–∂–µ –ø—Ä–æ–≤–µ—Ä—è–ª–∏?,"–ù–µ—Ç —Ç–æ—á–Ω—ã—Ö –¥–∞–Ω–Ω—ã—Ö.—É –Ω–∞—Å —Ä–∞–±–æ—Ç–∞–µ—Ç –≥—Ä—É–ø–ø–∞ –∏–∑ –Ω–µ–∑–∞–≤–∏—Å–∏–º—ã—Ö –º–µ–Ω—Ç–æ—Ä–æ–≤, –∫–∞–∂–¥—É—é –ø—Ä–µ–∑–µ–Ω—Ç–∞—Ü–∏—é –Ω–µ—Å–∫–æ–ª—å–∫–æ —Ä–∞–∑–Ω—ã—Ö —á–µ–ª–æ–≤–µ–∫ –ø—Ä–æ–≤–µ—Ä—è—é—Ç –∏ –ø–∏—à—É—Ç —Ñ–∏–¥–±–µ–∫ + –æ—Ü–µ–Ω–∫–∏"
45,–º–æ–∂–µ—Ç —Å—Ç—Ä–∏–º –∑–∞–ø–∏–ª–∏—Ç—å –∑–∞–≤—Ç—Ä–∞ —Å –ø—Ä–æ–≤–µ—Ä–∫–æ–π –ø—Ä–µ–∑?,—Ç–æ–ø
46,"–ù–µ –±—É–¥–µ—Ç –ª–∏ —Ç–∞–∫–æ–≥–æ, —á—Ç–æ –±—É–¥—É—Ç –æ—Ü–µ–Ω–∏–≤–∞—Ç—å –ø—Ä–µ–∂–¥–µ –≤—Å–µ–≥–æ –ø—Ä–µ–∑—É, –∞ –Ω–µ —Å–∞–º –ø—Ä–æ–µ–∫—Ç?",–ò—â–µ–º –∫—Ä—É—Ç—ã–µ –ø—Ä–æ–µ–∫—Ç—ã
47,"–≠—Ç–æ –∂–µ —Å–ª–∏–≤ –∏–¥–µ–π, –∏–ª–∏ –Ω–µ—Ç?","–ò–¥–µ–∏ –≤ –≤–æ–∑–¥—É—Ö–µ –∏ —Ç–∞–∫ –ª–µ—Ç–∞—é—Ç, –≤–∞–∂–Ω–µ–µ –∏—Å–ø–æ–ª–Ω–µ–Ω–∏–µ –∏ –∫–æ–º–∞–Ω–¥–∞"
48,–∞ –∫–æ–≥–¥–∞ –Ω–∞ —Ö–∞–∫–∞—Ç–æ–Ω–µ –∫–æ–º–∞–Ω–¥—ã –ø—Ä–µ–¥—Å—Ç–∞–≤—è—Ç—Å—è –∏ –ø—Ä–µ–¥—Å—Ç–∞–≤—è—Ç —Å–≤–æ–∏ –∏–¥–µ–∏ —ç—Ç–æ –±—É–¥–µ—Ç —Å–æ–±—Å—Ç–≤–µ–Ω–Ω–æ—Ä—É—á–Ω—ã–π —Å–ª–∏–≤ –∏–¥–µ–π?),"–≠—Ç–æ —É–∂–µ –∏–¥–µ—è –Ω–∞ —ç—Ç–∞–ø–µ —Ä–µ–∞–ª–∏–∑–∞—Ü–∏–∏, —Ç–æ –µ—Å—Ç—å –≤ –º–æ–º–µ–Ω—Ç —Å–æ—Ä–µ–≤–Ω–æ–≤–∞–Ω–∏—è –Ω–∏–∫—Ç–æ –æ —Ç–≤–æ–µ–π –∏–¥–µ–µ –Ω–µ –∑–Ω–∞–µ—Ç"
49,–º–æ–∂–µ—Ç –µ—â–µ –º–∏–Ω—É—Ç 30 —Å—Ç—Ä–∏–º–∞?,–ë—ã–ª–æ –±—ã –Ω–µ–ø–ª–æ—Ö–æ
50,http://www.youtube.com/watch?v=6Jyek_1CIJI,–ê –º–æ–∂–µ—Ç–µ –æ—Ç–∫—Ä—ã—Ç—å –¥–æ—Å—Ç—É–ø –ø–æ —Å—Å—ã–ª–∫–µ? –•–æ—á–µ—Ç—Å—è –ø–æ—Å–º–æ—Ç—Ä–µ—Ç—å —Ä–∞–∑–±–æ—Ä –∏ –ø—Ä–∏–Ω—è—Ç—å –Ω–∞ –≤–æ–æ—Ä—É–∂–µ–Ω–∏–µ –∫–æ–º–º–µ–Ω—Ç–∞—Ä–∏–∏
51,–ü—Ä–∏–≤–µ—Ç –≤—Å–µ–º. —Ä–µ–∑—É–ª—å—Ç–∞—Ç—ã —Å–µ–≥–æ–¥–Ω—è –±—É–¥—É—Ç –∏–ª–∏ –Ω–µ —É—Å–ø–µ–≤–∞–µ—Ç–µ —Ä–∞—Å—Å–º–æ—Ç—Ä–µ—Ç—å –∏–¥–µ–∏?,–†–µ–∑—É–ª—å—Ç–∞—Ç—ã –±—É–¥—É—Ç —Å–µ–≥–æ–¥–Ω—è
52,"–µ—â–µ –≤–æ–ø—Ä–æ—Å, –≤–æ–∑–º–æ–∂–Ω–æ —è –ø–æ–≤—Ç–æ—Ä—é—Å—å –∑–∞ –∫–µ–º —Ç–æ, —Å–æ—Å—Ç–∞–≤ –º–æ–∂–Ω–æ –±—É–¥–µ—Ç –∏–∑–º–µ–Ω–∏—Ç—å? –ï—Å–ª–∏ –Ω–∞–ø—Ä–∏–º–µ—Ä –∫—Ç–æ —Ç–æ –Ω–µ –º–æ–∂–µ—Ç –ø–æ –∫–∞–∫–∏–º —Ç–æ –ø—Ä–∏—á–∏–Ω–∞–º –∏ –¥–æ",–¢–∞–∫–∏–µ –≤–æ–ø—Ä–æ—Å –æ–±—Å—É–¥–∏–º –∏–Ω–¥–∏–≤–∏–¥—É–∞–ª—å–Ω–æ :+1:
53,–∫–∞–∫–æ–≥–æ —á–µ—Ä—Ç–∞?!,35 –º–µ—Å—Ç–æ
54,"–ü–µ—Ä–≤—ã–º*, –∑–∞—Ä–µ–ª–∏–∑–∏–≤—à–∏–º –ø—Ä–æ–µ–∫—Ç** ‚Äì 100–∫   - —ç—Ç–æ –Ω–æ–º–∏–Ω–∞—Ü–∏—è –æ—Ç–Ω–æ—Å–∏—Ç—Å—è –∫ —Ç–µ–º –∫—Ç–æ –Ω–µ –ø–æ–ø–∞–ª –≤ —Ç–æ–ø 20?",–ù–∞ —Å–ø–µ—Ü. –ø—Ä–∏–∑—ã –ø—Ä–µ—Ç–µ–Ω–¥—É—é—Ç –≤—Å–µ –∫–æ–º–∞–Ω–¥—ã –∏–∑ —Å–ø–∏—Å–∫–∞
55,–í—Ç–æ—Ä–∞—è –≤–æ–ª–Ω–∞ –∏–Ω–≤–∞–π—Ç–æ–≤?,"–î–∞, –µ—Å–ª–∏ –∫—Ç–æ-—Ç–æ –∏–∑ –∫–æ–º–∞–Ω–¥ –æ—Ç–∫–∞–∂–µ—Ç—Å—è"
56,"–∫–∞–∫ –≤—ã —É–∑–Ω–∞–µ—Ç–µ –æ —Ç–æ–º, —á—Ç–æ –∫–æ–º–∞–Ω–¥–∞ –ø—Ä–æ–≤–µ–ª–∞ —Ä–∞–±–æ—Ç—É –Ω–∞–¥ –æ—à–∏–±–∫–∞–º–∏? –ù—É–∂–Ω–æ –ø–æ–≤—Ç–æ—Ä–Ω–æ –ø—Ä–∏—Å–ª–∞—Ç—å –ø—Ä–µ–∑–µ–Ω—Ç–∞—Ü–∏—é?",–õ—é–±—ã–º —É–¥–æ–±–Ω—ã–º –≤–∞–º —Å–ø–æ—Å–æ–±–æ–º
57,–ú—ã –ø—Ä–æ—à–ª–∏. –í–æ–ø—Ä–æ—Å: –ú–æ–∂–µ–º –ª–∏ –º—ã –ø—Ä–∏–≥–ª–∞—Å–∏—Ç—å –∫ —Å–µ–±–µ —É—á–∞—Å—Ç–Ω–∏–∫–æ–≤ –Ω–µ–ø—Ä–æ—à–µ–¥—à–∏—Ö –∫–æ–º–∞–Ω–¥?,"–ú–æ–∂–µ—Ç–µ; –Ω–µ –≥–∞—Ä–∞–Ω—Ç–∏—Ä—É–µ–º —á—Ç–æ –º–µ—Ä—á–∞/–ø—Ä–æ–º–æ–∫–æ–¥–æ–≤ —Ö–≤–∞—Ç–∏—Ç –Ω–∞ –Ω–æ–≤—ã—Ö —á–ª–µ–Ω–æ–≤ –∫–æ–º–∞–Ω–¥—ã;–ï—Å–ª–∏ –¥–µ–ª–∞–µ—Ç–µ –∑–∞–º–µ–Ω—É —á–ª–µ–Ω–∞ –∫–æ–º–∞–Ω–¥—ã, —Ç–æ –≤—Å–µ –æ–∫"
58,"–í–æ–ø—Ä–æ—Å —Ç–∞–∫–æ–π. 1. –ü–æ—á–µ–º—É –µ—Å—Ç—å –≤ –ø–æ–ª—è—Ö –æ—Ü–µ–Ω–æ–∫ –ø—É—Å—Ç—ã–µ –ø–æ–ª—è? –°–µ—Ä—å–µ–∑–Ω–æ,–æ—Ü–µ–Ω–∫–∞ —ç–∫—Å–ø–µ—Ä—Ç–∞ - –Ω–µ –æ–±—è–∑–∞—Ç–µ–ª—å–Ω–∞?","–ï—Å–ª–∏ –º–µ–Ω—Ç–æ—Ä –æ—Ü–µ–Ω–∏–ª >20 –∫–æ–º–∞–Ω–¥, —Ç–æ —ç—Ç–æ –µ–≥–æ –ª–∏—á–Ω–∞—è –∏–Ω–∏—Ü–∏–∞—Ç–∏–≤–∞"
59,"–Ø —Ç–∞–∫ –ø–æ–Ω–∏–º–∞—é, —á—Ç–æ —Ç—ã –±–æ–ª—å—à–µ –≤—Å–µ—Ö –æ—Ü–µ–Ω–∏–ª?","–Ø –æ—Ü–µ–Ω–∏–ª –≤—Å–µ –ø—Ä–æ–µ–∫—Ç—ã, –≥–¥–µ –±—ã–ª–æ –ø–æ–¥—Ä–æ–±–Ω–æ–µ –æ–ø–∏—Å–∞–Ω–∏–µ –∏ –≤—Å–µ, –≥–¥–µ –±—ã–ª–æ –ø–æ–Ω—è—Ç–Ω–æ –æ —á–µ–º –ø—Ä–æ–µ–∫—Ç –∏–∑ –∫—Ä–∞—Ç–∫–æ–≥–æ –æ–ø–∏—Å–∞–Ω–∏—è"
60,–ö—Ç–æ-–Ω–∏–±—É–¥—å –±—É—Ö–∞–µ—Ç?,–ö–æ–≥–¥–∞ –≤ –°–ü–±?))
61,–ö–æ–≥–¥–∞ –≤ –°–ü–±?)),–£ –º–µ–Ω—è –≤–æ–æ–±—â–µ –∫—Ä—É—Ç–æ–π –ø–ª–∞–Ω –Ω–∞ –ø–æ—Å–ª–µ –∫–∞—Ä–∞–Ω—Ç–∏–Ω–∞. –ü—Ä–∏–ª–µ—Ç–µ—Ç—å –≤ –°–ü–ë –∫ –≤–∞–º –∫–æ–Ω–µ—á–Ω–æ –≤ –ø—Ä–∏–æ—Ä–∏—Ç–µ—Ç–µ)
62,–í—ã –ø—Ä–æ—à–ª–∏?,"–ú—ã –ø—Ä—è–º–æ –∑–∞ –≤–∞–º–∏, –ª–æ–ª))0)"
63,"–î–æ–±—Ä—ã–π –¥–µ–Ω—å, –≤ –∫–∞–∫–æ–π —Ñ–æ—Ä–º–µ –Ω—É–∂–Ω–æ –ø–æ–¥—Ç–≤–µ—Ä–¥–∏—Ç—å —É—á–∞—Å—Ç–∏–µ —Å–µ–≥–æ–¥–Ω—è?",–Ω–∞ https://smzhack.ru/ –≤ —Å–≤–æ–µ–º –∞–∫–∫–∞—É–Ω—Ç–µ
64,–ü—Ä–∏—à–ª–∏ —Å—Ç–∏–∫–µ—Ä—ã?,
65,–í—Ç–æ—Ä–æ–π –≤–æ–ª–Ω—ã –æ—Ç–±–æ—Ä–∞ –∫–æ–º–∞–Ω–¥ –Ω–µ –±—É–¥–µ—Ç?,–í—Å–µ –∫–æ–º–∞–Ω–¥—ã –∏–∑ —Ç–æ–ø 20 –ø–æ–¥—Ç–≤–µ—Ä–¥–∏–ª–∏ —É—á–∞—Å—Ç–∏–µ
66,"–û—Ç–ª–∏—á–Ω–æ! –ê pivot–∏—Ç—Å—è –º–æ–∂–Ω–æ? –ò —á—Ç–æ –Ω—É–∂–Ω–æ –ª—é–¥—è–º —á—Ç–æ–±—ã —Å—Ç–∞—Ç—å —Å–∞–º–æ–∑–∞–Ω—è—Ç—ã–º–∏, —á—Ç–æ–±—ã –∏—Ö –¥–∞–Ω–Ω—ã–µ –æ–±—Ä–∞–±–∞—Ç—ã–≤–∞—Ç—å —á–µ—Ä–µ–∑ –∞–ø–∏ –§–ù–°-–∞?",–ø–∏–≤–æ—Ç–∏—Ç—å—Å—è ‚Äî —Å—Ç–∞–Ω–æ–≤–∏—Ç—å—Å—è —Å–∞–º–æ–∑–∞–Ω—è—Ç—ã–º –∏ –æ–±—Ä–∞—Ç–Ω–æ?
67,–ö–æ–≥–¥–∞ –±—É–¥–µ—Ç —Ä–∞—Å–ø–∏—Å–∞–Ω–∏–µ ?,–Ω–∞ —Å–∞–π—Ç–µ smzhack
68,"–ü—Ä–µ–¥–ø–æ–ª–æ–∂–∏–º, —É –Ω–∞—Å –µ—Å—Ç—å —Å–∞–º–æ–∑–∞–Ω—è—Ç—ã–π.  –ß—Ç–æ –µ–º—É –Ω—É–∂–Ω–æ —á—Ç–æ–±—ã —Å –µ–≥–æ –∞–∫–∫–æ–º –≤–∑–∞–∏–º–æ–¥–µ–π—Å—Ç–≤–æ–≤–∞—Ç—å —á–µ—Ä–µ–∑ API?",–ß—Ç–æ–±—ã —Å–∞–º–æ–∑–∞–Ω—è—Ç—ã–π –º–æ–≥ –∏—Å–ø–æ–ª—å–∑–æ–≤–∞—Ç—å –≤–∞—à–∏ –ø—Ä–∏–ª–æ–∂–µ–Ω–∏—è –∏ —Å–µ—Ä–≤–∏—Å—ã –µ–º—É –Ω—É–∂–Ω–æ –±—É–¥–µ—Ç —Ç–æ–ª—å–∫–æ —É–∫–∞–∑–∞—Ç—å –≤ –Ω–∏—Ö —Å–≤–æ–π –ò–ù–ù –∏ –ø–æ–¥—Ç–≤–µ—Ä–¥–∏—Ç—å —ç—Ç–æ –≤ –õ–ö –ù–ü–î
69,–ù–ü–î?,–ù–∞–ª–æ–≥ –Ω–∞ –ü—Ä–æ—Ñ–µ—Å—Å–∏–æ–Ω–∞–ª—å–Ω—ã–π –î–æ—Ö–æ–¥
70,–ø–∏–≤–æ—Ç–∏—Ç—å—Å—è ‚Äî —Å—Ç–∞–Ω–æ–≤–∏—Ç—å—Å—è —Å–∞–º–æ–∑–∞–Ω—è—Ç—ã–º –∏ –æ–±—Ä–∞—Ç–Ω–æ?,–ú–µ–Ω—è—Ç—å –∏–¥–µ—é –ø—Ä–æ–µ–∫—Ç–∞
71,—É –º–µ–Ω—è –≤–æ–ø—Ä–æ—Å: –∫–∞–∫ –Ω–∞–º –ø—Ä–æ–≤–æ–¥–∏—Ç—å —Ç–µ—Å—Ç—ã –Ω–∞ –æ–±—ã—á–Ω—ã—Ö –ª—é–¥—è—Ö? –±—É–¥—É—Ç –ª–∏ –¥–∞–Ω—ã –∫–∞–∫–∏–µ-—Ç–æ —Ç–µ—Å—Ç–æ–≤—ã–µ —É—á–µ—Ç–∫–∏ –¥–ª—è —Ä–µ–≥–∏—Å—Ç—Ä–∞—Ü–∏–∏ —á–µ–ª–æ–≤–µ–∫–∞ –∫–∞–∫ —Å–∞–º,–î–æ–ª–∂–Ω—ã –¥–∞—Ç—å —Ç–µ—Å—Ç–æ–≤—ã–µ
72,"–í–æ–ø—Ä–æ—Å —Ç–∞–∫–æ–π, –ø–∏–ª–∏—Ç—å –º–æ–∂–Ω–æ –Ω–∞—á–∏–Ω–∞—Ç—å —Å 00:00?) –ò–ª–∏ —Å 10 —É—Ç—Ä–∞?",–ê–∫—Ç—É–∞–ª—å–Ω—ã–π –≤–æ–ø—Ä–æ—Å
73,–ê —Ä–∞–∑–≤–µ —Å–µ–π—á–∞—Å –µ—â—ë –º–æ–∂–Ω–æ –∏—Å–∫–∞—Ç—å –∫–æ–º–∞–Ω–¥—É?,–≤ —Ç–µ–æ—Ä–∏–∏ ‚Äì –¥–∞
74,–° —Å–µ–≥–æ–¥–Ω—è—à–Ω–∏—Ö 00:00?,"–ü–æ —Å—É—Ç–∏ –º–æ–∂–µ—Ç–µ –Ω–∞—á–∏–Ω–∞—Ç—å –ø–∏–ª–∏—Ç—å —É–∂–µ —Å–µ–π—á–∞—Å, –≥–ª–∞–≤–Ω–æ–µ, —á—Ç–æ–±—ã –≤—ã –ø–æ–∫–∞–∑–∞–ª–∏ —Ç—Ä–µ–∫—à–Ω –º–µ–Ω—Ç–æ—Ä–∞–º –∏ –ø—Ä–æ—à–ª–∏ —á–µ–∫-–ø–æ–∏–Ω—Ç—ã ‚Äì¬†–ø—Ä–∏ —ç—Ç–æ–º –±—É–¥–µ–º —Ñ–∏–∫—Å–∏—Ä–æ–≤–∞—Ç—å –ø—Ä–æ–≥—Ä–µ—Å—Å ‚Äì¬†–Ω–∞–ø—Ä–∏–º–µ—Ä, –µ—Å–ª–∏ –≤—ã –∑–∞—Ö–æ—Ç–∏—Ç–µ —Å–¥–µ–ª–∞—Ç—å —Ñ—É–Ω–∫—Ü–∏—é –∫ —É–∂–µ –∏–º–µ—é—â–µ–º—É—Å—è —É –≤–∞—Å –ø—Ä–æ–µ–∫—Ç—É, —Ç–æ –±—É–¥–µ—Ç –æ—Ü–µ–Ω–∏–≤–∞—Ç—å—Å—è —Ç–æ–ª—å–∫–æ –æ–Ω–∞."
75,–ß—Ç–æ –∑–Ω–∞—á–∏—Ç –≤–Ω–µ –∫–æ–º–∞–Ω–¥—ã?,"–ù–µ –ø–æ–ø–∞–ª –≤ —Ç–æ–ø 20 —Å–æ —Å–≤–æ–µ–π –∫–æ–º–∞–Ω–¥–æ–π, –∞ –º–µ—Å—Ç –≤ —Ç–æ–ø–µ –≤ –∫–æ–º–∞–Ω–¥–∞—Ö —É–∂–µ –Ω–µ—Ç—É, –ø—Ä–∏—Ö–æ–¥–∏—Ç—Å—è –¥–µ–ª–∞—Ç—å –≤–Ω–µ –æ—Å–Ω–æ–≤–Ω–æ–≥–æ –ø–æ—Ç–æ–∫–∞"
76,–ö–∞–∫–∏–µ –∏–º–µ–Ω–Ω–æ —ç—Ç–∞–ø—ã?,
77,https://documenter.getpostman.com/view/11061357/Szf82TeQ?version=latest#4e7875f3-eb6b-43e3-aafc-b6c6d61e27ef,"–û–≥–æ–Ω—å, —Å–ø–∞—Å–∏–±–æ"
78,–ï—Å—Ç—å –ª–∏–Ω–∫ –Ω–∞ –ø–æ—Å—Ç–º–∞–Ω?,"Soap ui —é–∑–∞–π ,—É–¥–æ–±–Ω–µ–µ –¥–ª—è —Ä–∞–±–æ—Ç—ã —Å –∞–ø–∏ –§–ù–°"
79,"–ö–æ–º—É —Ç—É—Ç –ø–∏—Å–∞—Ç—å –ø—Ä–æ –ø—Ä–æ–º–æ–∫–æ–¥ –¥–ª—è –¥–æ—Å—Ç–∞–≤–∫–∏? –ê —Ç–æ —è –≤ –æ–±–ª–∞—Å—Ç–∏ –ú–æ—Å–∫–æ–≤—Å–∫–æ–π –∏ –Ø–Ω–¥–µ–∫—Å –∫–æ –º–Ω–µ –Ω–µ –µ–¥–µ—Ç, –Ω–æ –µ—Å—Ç—å —Å–≤–æ–∏ –ø—Ä–∏–ª–æ–∂–µ–Ω—å–∫–∏ –¥–æ—Å—Ç–∞–≤–∫",–∞ –ø—Ä–æ —ç—Ç–æ –æ—Ç–≤–µ—Ç–∏—Ç–µ?)
80,–ó–∞–ø–∏—Å–∏ –≥–¥–µ –±—É–¥—É—Ç?,https://www.youtube.com/channel/UCFkGB60QMjBepeO7grDcdUw/featured
81,–∞ –ø—Ä–æ —ç—Ç–æ –æ—Ç–≤–µ—Ç–∏—Ç–µ?),–ú—ã —Å–æ–∑–¥–∞–ª–∏ –æ—Ç–¥–µ–ª—å–Ω—ã–π –∞–∫–∫–∞—É–Ω—Ç –ø–æ –≤—Å–µ–º –≤–æ–ø—Ä–æ—Å–∞–º –ø–æ –µ–¥–µ - @SMZHackFood
82,–ù–∞–º –∂–µ –Ω–µ –Ω—É–∂–Ω–æ –±—Ä–æ–Ω–∏—Ä–æ–≤–∞—Ç—å –º–µ–Ω—Ç–æ—Ä–æ–≤ –Ω–∞ –Ω—É–ª–µ–≤–æ–π —á–µ–∫–ø–æ–∏–Ω—Ç?,—Ç–æ–ª—å–∫–æ –µ—Å–ª–∏ –≤–∞–º –µ—Å—Ç—å —á—Ç–æ –æ–±—Å—É–¥–∏—Ç—å —Å –Ω–∏–º
83,–ê –¥–∞–Ω–Ω—ã–µ –±—É–¥—É—Ç –ø—Ä–æ–≤–µ—Ä—è—Ç—å—Å—è –Ω–∞ —Ä–µ–∞–ª—å–Ω–æ—Å—Ç—å? =),—ç—Ç–∞ –ø—Ä–æ–≤–µ—Ä–∫–∞ –≤–∫–ª—é—á–µ–Ω–∞ –≤ —Ç–µ—Å—Ç–æ–≤–æ–º –∫–æ–Ω—Ç—É—Ä–µ
84,—Ç–æ –µ—Å—Ç—å –∫–æ–≥–¥–∞ –ø–æ–¥–Ω–∏–º–µ—Ç—Å—è —Ñ–Ω—Å –º–æ–∂–Ω–æ –±—É–¥–µ—Ç –ø–æ–ª—É—á–∏—Ç—å —Ç–µ—Å—Ç–æ–≤—ã–µ –¥–∞–Ω–Ω—ã–µ –±–µ–∑ –æ—Ç–ø—Ä–∞–≤–∫–∏ –ø–µ—Ä—Å–æ–Ω–∞–ª—å–Ω—ã—Ö?),–Ω–µ—Ç)
85,"–Ω–æ –º—ã –∂–µ –∏ —Ç–∞–∫ –∏ –ø–æ —Å—É—Ç–∏ –º–æ–∂–µ–º –∏—Ö –ø–æ–ª—É—á–∏—Ç—å –∏ –≤ –Ω–∞—à–∏—Ö –ø—Ä–æ–µ–∫—Ç–∞—Ö –±—É–¥–µ—Ç –ø–æ–∏—Å–∫ –ø–æ –∏–Ω–Ω, –∞ –∑–Ω–∞—á–∏—Ç –∏ –≤—Å—è –ø–µ—Ä—Å –∏–Ω—Ñ–∞, –Ω–µ? –ø—Ä–∏ —á–µ–º –ª—é–¥–∏ —Å–∞–º",–æ—Ç–∫—É–¥–∞ —É –≤–∞—Å –ø–æ–∏—Å–∫ –ø–æ –ò–ù–ù?
86,–≤ –∫–∞–∫–æ–π —Å—Ç–µ–ø–µ–Ω–∏( —Ñ—É–Ω–∫—Ü–∏–∏) –Ω—É–∂–Ω–æ –∏—Å–ø–æ–ª—å–∑–æ–≤–∞—Ç—å API –§–ù–° –¥–ª—è –≤—ã–ø–æ–ª–Ω–µ–Ω–∏—è —Ç—Ä–µ–±–æ–≤–∞–Ω–∏–π –∏ —è–≤–ª—è–µ—Ç—Å—è –ª–∏ —ç—Ç–æ –æ–±—è–∑–∞—Ç–µ–ª—å–Ω—ã–º?,"–ö–æ–ª–ª–µ–≥–∏, —Ç—É—Ç –≤–æ–ø—Ä–æ—Å –ª–µ–≥–∞–ª—å–Ω–æ—Å—Ç–∏, –µ—Å–ª–∏ –≤—ã –Ω–∞ –ø–ª–æ—â–∞–¥–∫–µ –æ—Ä–≥–∞–Ω–∏–∑—É–µ—Ç–µ –ø—Ä–∏—ë–º –∏ –ø–µ—Ä–µ–≤–æ–¥ —Å—Ä–µ–¥—Å—Ç–≤, –∞ –æ–Ω –±—É–¥–µ—Ç —é—Ä–µ–¥–∏—á–µ—Å–∫–∏ –Ω–µ –æ–±–æ—Å–Ω–æ–≤–∞–Ω (–Ω–µ –∑–∞–∫–æ–Ω–µ–Ω), —Ç–æ –±–æ—é—Å—å —É –≤–∞—Å –±—É–¥–µ—Ç –º–µ–Ω—å—à–µ —à–∞–Ω—Å–æ–≤ –Ω–∞ –ø–æ–±–µ–¥—É)"
87,–ß—Ç–æ –ø–æ—Å–æ–≤–µ—Ç—É–µ—Ç–µ –ø–æ–ø—Ä–æ–±–æ–≤–∞—Ç—å –Ω–∞ –Ø–Ω–¥–µ–∫—Å –ï–¥–µ? =),–ü–∏—Ü—Ü—É
88,–∫–∞–∫–æ–π —Ä–µ—Å—Ç–∏–∫?,"–û—Ç —Ä–µ–≥–∏–æ–Ω–∞ –∑–∞–≤–∏—Å–∏—Ç, –Ω–æ —è –≤ –î–æ–¥–æ –±–µ—Ä—É –∏–ª–∏ –ü–∞–ø–∞ –î–∂–æ–Ω—Å"
89,–ê–∫—Ç—É–∞–ª—å–Ω–∞—è —Å—Å—ã–ª–∫–∞ –Ω–∞ —é—Ç—É–± https://www.youtube.com/watch?v=oe_ZI7h-Ytk,–∞ –≥–¥–µ-—Ç–æ –¥–æ—Å—Ç—É–ø–Ω—ã –∑–∞–ø–∏—Å–∏ —Å–µ–º–∏–Ω–∞—Ä–æ–≤?
90,–∞ –≥–¥–µ-—Ç–æ –¥–æ—Å—Ç—É–ø–Ω—ã –∑–∞–ø–∏—Å–∏ —Å–µ–º–∏–Ω–∞—Ä–æ–≤?,https://www.youtube.com/channel/UCFkGB60QMjBepeO7grDcdUw
91,"–ü–æ–¥—Å–∫–∞–∂–∏—Ç–µ –ø–∂–ª, –∞ –º—ã –º–æ–∂–µ–º –ø—Ä–æ–≤–æ–¥–∏—Ç—å –¥–µ–º–æ —á–µ—Ä–µ–∑ –¥–∏—Å–∫–æ—Ä–¥? –Ω–∞–º –Ω–µ–æ–±—Ö–æ–¥–∏–º–æ –∑–∞—Å—Ç—Ä–∏–º–∏—Ç—å 2 —ç–∫—Ä–∞–Ω–∞ —Å –º–æ–±–∏–ª—å–Ω—ã—Ö –∏ –ø—Ä–µ–∑–µ–Ω—Ç–∞—Ü–∏—é. –ö–æ–º–∞–Ω–¥–∞ –î","—á–µ—Ä–µ–∑ Zoom —Ç–æ—á–Ω–æ –º–æ–∂–Ω–æ —Ç—Ä–∞–Ω—Å–ª–∏—Ä–æ–≤–∞—Ç—å —ç–∫—Ä–∞–Ω –º–æ–±–∏–ª—å–Ω–æ–≥–æ, –Ω–æ –Ω–µ –∑–Ω–∞—é –Ω–∞—Å—á—ë—Ç –Ω–µ—Å–∫–æ–ª—å–∫–∏—Ö —ç–∫—Ä–∞–Ω–æ–≤ –æ–¥–Ω–æ–≤—Ä–µ–º–µ–Ω–Ω–æ. 3 –ø–æ–ª—å–∑–æ–≤–∞—Ç–µ–ª—è —Å —ç—Ç–∏–º —Å–ø—Ä–∞–≤—è—Ç—Å—è"
92,"–í–æ–ø—Ä–æ—Å: –Ω–∏—á–µ–≥–æ —Å—Ç—Ä–∞—à–Ω–æ–≥–æ, —á—Ç–æ –º—ã –≤—Å–µ–π –∫–æ–º–∞–Ω–¥–æ–π –ø—Ä–æ–ø—É—Å—Ç–∏–ª–∏ –∏–Ω—Ñ—É –ø—Ä–æ –≤–µ—á–µ—Ä–Ω–∏–π —á–µ–∫–∏–Ω –∏, —Å–æ–±—Å—Ç–≤–µ–Ω–Ω–æ, –Ω–µ –∑–∞—á–µ–∫–∏–Ω–∏–ª–∏—Å—å?)",–í—Å–µ –æ–∫
93,"SMZHack: –≠–∫–≤–∞—Ç–æ—Ä, –æ–±—â–∏–π –∫–æ–Ω—Ñ–µ—Ä–µ–Ω—Ü –∫–æ–ª–ª :calendar:–ö–æ–≥–¥–∞? –ü—Ä—è–º–æ —Å–µ–π—á–∞—Å ‚Ä¢ –û–ø–∏—Å–∞–Ω–∏–µ: –û—Ä–≥–∞–Ω–∏–∑–∞—Ç–æ—Ä—ã SMZHack –æ—Ç–≤–µ—Ç—è—Ç –Ω–∞ –Ω–∞–∫–æ–ø–∏–≤—à–∏–µ—Å—è –≤–æ–ø—Ä–æ—Å—ã, –∞",–ï—Å–ª–∏ –∫—Ç–æ-—Ç–æ –µ—â—ë –º–æ–∂–µ—Ç –ø–æ–¥–∫–ª—é—á–∏—Ç—å—Å—è - –ø—Ä–∏—Å–æ–µ–¥–∏–Ω—è–π—Ç–µ—Å—å! –ï–∫–∞—Ç–µ—Ä–∏–Ω–∞ —Ä–∞—Å—Å–∫–∞–∑—ã–≤–∞–µ—Ç –æ—á–µ–Ω—å –ø–æ–ª–µ–∑–Ω—É—é –∏–Ω—Ñ–æ—Ä–º–∞—Ü–∏—é –æ –º–æ–Ω–µ—Ç–∏–∑–∞—Ü–∏–∏ –Ω–∞–ª–æ–≥–æ–≤—ã—Ö —Å–µ—Ä–≤–∏—Å–æ–≤! –ö—Ä–∞–π–Ω–µ –ø–æ–ª–µ–∑–Ω–æ
94,"–ë–∞—Ä–Ω—ã–π —Ñ–æ—Ä–º–∞—Ç Show and Tell  :calendar:–ö–æ–≥–¥–∞? –ü—Ä—è–º–æ —Å–µ–π—á–∞—Å  ‚Ä¢ –û–ø–∏—Å–∞–Ω–∏–µ:  –∫–∞–∂–¥—ã–π –∏–∑ —É—á–∞—Å—Ç–Ω–∏–∫–æ–≤ –¥–æ–ª–∂–µ–Ω –ø–æ–∫–∞–∑–∞—Ç—å —á—Ç–æ-—Ç–æ, –±–µ–∑ —á–µ–≥–æ –æ–Ω –Ω–µ –º–æ–∂",https://www.youtube.com/watch?v=ObeUTSOyIQg
95,–∞–π–¥–∏ –ø–ª–∞—Ç—Ñ–æ—Ä–º—ã –Ω–µ –≤–∏–¥–∏—Ç?,
96,–∫–∞–∫–æ–π —ç–Ω–¥–ø–æ–∏–Ω—Ç?,https://ktir.smz.w1.money/api/token/
